{
    "name": "Global Information",
    "numberOfRequests": {
        "total": 10000,
        "ok": 1927,
        "ko": 8073
    },
    "minResponseTime": {
        "total": 159,
        "ok": 2275,
        "ko": 159
    },
    "maxResponseTime": {
        "total": 60334,
        "ok": 59856,
        "ko": 60334
    },
    "meanResponseTime": {
        "total": 17404,
        "ok": 31073,
        "ko": 14141
    },
    "standardDeviation": {
        "total": 23691,
        "ok": 16434,
        "ko": 23990
    },
    "percentiles1": {
        "total": 1170,
        "ok": 30788,
        "ko": 1115
    },
    "percentiles2": {
        "total": 36874,
        "ok": 44980,
        "ko": 1244
    },
    "percentiles3": {
        "total": 60077,
        "ok": 56833,
        "ko": 60087
    },
    "percentiles4": {
        "total": 60149,
        "ok": 59075,
        "ko": 60158
    },
    "group1": {
    "name": "t < 800 ms",
    "count": 0,
    "percentage": 0
},
    "group2": {
    "name": "800 ms < t < 1200 ms",
    "count": 0,
    "percentage": 0
},
    "group3": {
    "name": "t > 1200 ms",
    "count": 1927,
    "percentage": 19
},
    "group4": {
    "name": "failed",
    "count": 8073,
    "percentage": 81
},
    "meanNumberOfRequestsPerSecond": {
        "total": 161.29032258064515,
        "ok": 31.080645161290324,
        "ko": 130.20967741935485
    }
}