{
    "name": "Global Information",
    "numberOfRequests": {
        "total": 10000,
        "ok": 1219,
        "ko": 8781
    },
    "minResponseTime": {
        "total": 70,
        "ok": 3811,
        "ko": 70
    },
    "maxResponseTime": {
        "total": 60244,
        "ok": 59063,
        "ko": 60244
    },
    "meanResponseTime": {
        "total": 18461,
        "ok": 31870,
        "ko": 16600
    },
    "standardDeviation": {
        "total": 23973,
        "ok": 15073,
        "ko": 24383
    },
    "percentiles1": {
        "total": 1287,
        "ok": 31848,
        "ko": 1163
    },
    "percentiles2": {
        "total": 46212,
        "ok": 45419,
        "ko": 46254
    },
    "percentiles3": {
        "total": 58411,
        "ok": 55412,
        "ko": 58477
    },
    "percentiles4": {
        "total": 59331,
        "ok": 57162,
        "ko": 59468
    },
    "group1": {
    "name": "t < 800 ms",
    "count": 0,
    "percentage": 0
},
    "group2": {
    "name": "800 ms < t < 1200 ms",
    "count": 0,
    "percentage": 0
},
    "group3": {
    "name": "t > 1200 ms",
    "count": 1219,
    "percentage": 12
},
    "group4": {
    "name": "failed",
    "count": 8781,
    "percentage": 88
},
    "meanNumberOfRequestsPerSecond": {
        "total": 158.73015873015873,
        "ok": 19.349206349206348,
        "ko": 139.38095238095238
    }
}